ProductID,Name,ProductNumber,MakeFlag,FinishedGoodsFlag,Color,SafetyStockLevel,ReorderPoint,StandardCost,ListPrice,Size,ProductSubcategory,ProductCategory
1,Adjustable Race,AR-5381,0,0,,1000,750,0.00,0.00,,,
2,Bearing Ball,BA-8327,0,0,,1000,750,0.00,0.00,,,
3,BB Ball Bearing,BE-2349,1,0,,800,600,0.00,0.00,,,
4,Headset Ball Bearings,BE-2908,0,0,,800,600,0.00,0.00,,,
316,Blade,BL-2036,1,0,,800,600,0.00,0.00,,,
317,LL Crankarm,CA-5965,0,0,Black,500,375,0.00,0.00,,,
318,ML Crankarm,CA-6738,0,0,Black,500,375,0.00,0.00,,,
319,HL Crankarm,CA-7457,0,0,Black,500,375,0.00,0.00,,,
320,Chainring Bolts,CB-2903,0,0,Silver,1000,750,0.00,0.00,,,
321,Chainring Nut,CN-6137,0,0,Silver,1000,750,0.00,0.00,,,
322,Chainring,CR-7833,0,0,Black,1000,750,0.00,0.00,,,
323,Crown Race,CR-9981,0,0,,1000,750,0.00,0.00,,,
324,Chain Stays,CS-2812,1,0,,1000,750,0.00,0.00,,,
325,Decal 1,DC-8732,0,0,,1000,750,0.00,0.00,,,
326,Decal 2,DC-9824,0,0,,1000,750,0.00,0.00,,,
327,Down Tube,DT-2377,1,0,,800,600,0.00,0.00,,,
328,Mountain End Caps,EC-M092,1,0,,1000,750,0.00,0.00,,,
329,Road End Caps,EC-R098,1,0,,1000,750,0.00,0.00,,,
330,Touring End Caps,EC-T209,1,0,,1000,750,0.00,0.00,,,
331,Fork End,FE-3760,1,0,,800,600,0.00,0.00,,,
332,Freewheel,FH-2981,0,0,Silver,500,375,0.00,0.00,,,
341,Flat Washer 1,FW-1000,0,0,,1000,750,0.00,0.00,,,
342,Flat Washer 6,FW-1200,0,0,,1000,750,0.00,0.00,,,
343,Flat Washer 2,FW-1400,0,0,,1000,750,0.00,0.00,,,
344,Flat Washer 9,FW-3400,0,0,,1000,750,0.00,0.00,,,
345,Flat Washer 4,FW-3800,0,0,,1000,750,0.00,0.00,,,
346,Flat Washer 3,FW-5160,0,0,,1000,750,0.00,0.00,,,
347,Flat Washer 8,FW-5800,0,0,,1000,750,0.00,0.00,,,
348,Flat Washer 5,FW-7160,0,0,,1000,750,0.00,0.00,,,
349,Flat Washer 7,FW-9160,0,0,,1000,750,0.00,0.00,,,
350,Fork Crown,FC-3654,1,0,,800,600,0.00,0.00,,,
351,Front Derailleur Cage,FC-3982,0,0,Silver,800,600,0.00,0.00,,,
352,Front Derailleur Linkage,FL-2301,0,0,Silver,800,600,0.00,0.00,,,
355,Guide Pulley,GP-0982,0,0,,800,600,0.00,0.00,,,
356,LL Grip Tape,GT-0820,0,0,,800,600,0.00,0.00,,,
357,ML Grip Tape,GT-1209,0,0,,800,600,0.00,0.00,,,
358,HL Grip Tape,GT-2908,0,0,,800,600,0.00,0.00,,,
359,Thin-Jam Hex Nut 9,HJ-1213,0,0,,1000,750,0.00,0.00,,,
360,Thin-Jam Hex Nut 10,HJ-1220,0,0,,1000,750,0.00,0.00,,,
361,Thin-Jam Hex Nut 1,HJ-1420,0,0,,1000,750,0.00,0.00,,,
362,Thin-Jam Hex Nut 2,HJ-1428,0,0,,1000,750,0.00,0.00,,,
363,Thin-Jam Hex Nut 15,HJ-3410,0,0,,1000,750,0.00,0.00,,,
364,Thin-Jam Hex Nut 16,HJ-3416,0,0,,1000,750,0.00,0.00,,,
365,Thin-Jam Hex Nut 5,HJ-3816,0,0,,1000,750,0.00,0.00,,,
366,Thin-Jam Hex Nut 6,HJ-3824,0,0,,1000,750,0.00,0.00,,,
367,Thin-Jam Hex Nut 3,HJ-5161,0,0,,1000,750,0.00,0.00,,,
368,Thin-Jam Hex Nut 4,HJ-5162,0,0,,1000,750,0.00,0.00,,,
369,Thin-Jam Hex Nut 13,HJ-5811,0,0,,1000,750,0.00,0.00,,,
370,Thin-Jam Hex Nut 14,HJ-5818,0,0,,1000,750,0.00,0.00,,,
371,Thin-Jam Hex Nut 7,HJ-7161,0,0,,1000,750,0.00,0.00,,,
372,Thin-Jam Hex Nut 8,HJ-7162,0,0,,1000,750,0.00,0.00,,,
373,Thin-Jam Hex Nut 12,HJ-9080,0,0,,1000,750,0.00,0.00,,,
374,Thin-Jam Hex Nut 11,HJ-9161,0,0,,1000,750,0.00,0.00,,,
375,Hex Nut 5,HN-1024,0,0,,1000,750,0.00,0.00,,,
376,Hex Nut 6,HN-1032,0,0,,1000,750,0.00,0.00,,,
377,Hex Nut 16,HN-1213,0,0,,1000,750,0.00,0.00,,,
378,Hex Nut 17,HN-1220,0,0,,1000,750,0.00,0.00,,,
379,Hex Nut 7,HN-1224,0,0,,1000,750,0.00,0.00,,,
380,Hex Nut 8,HN-1420,0,0,,1000,750,0.00,0.00,,,
381,Hex Nut 9,HN-1428,0,0,,1000,750,0.00,0.00,,,
382,Hex Nut 22,HN-3410,0,0,,1000,750,0.00,0.00,,,
383,Hex Nut 23,HN-3416,0,0,,1000,750,0.00,0.00,,,
384,Hex Nut 12,HN-3816,0,0,,1000,750,0.00,0.00,,,
385,Hex Nut 13,HN-3824,0,0,,1000,750,0.00,0.00,,,
386,Hex Nut 1,HN-4402,0,0,,1000,750,0.00,0.00,,,
387,Hex Nut 10,HN-5161,0,0,,1000,750,0.00,0.00,,,
388,Hex Nut 11,HN-5162,0,0,,1000,750,0.00,0.00,,,
389,Hex Nut 2,HN-5400,0,0,,1000,750,0.00,0.00,,,
390,Hex Nut 20,HN-5811,0,0,,1000,750,0.00,0.00,,,
391,Hex Nut 21,HN-5818,0,0,,1000,750,0.00,0.00,,,
392,Hex Nut 3,HN-6320,0,0,,1000,750,0.00,0.00,,,
393,Hex Nut 14,HN-7161,0,0,,1000,750,0.00,0.00,,,
394,Hex Nut 15,HN-7162,0,0,,1000,750,0.00,0.00,,,
395,Hex Nut 4,HN-8320,0,0,,1000,750,0.00,0.00,,,
396,Hex Nut 18,HN-9161,0,0,,1000,750,0.00,0.00,,,
397,Hex Nut 19,HN-9168,0,0,,1000,750,0.00,0.00,,,
398,Handlebar Tube,HT-2981,1,0,,800,600,0.00,0.00,,,
399,Head Tube,HT-8019,1,0,,800,600,0.00,0.00,,,
400,LL Hub,HU-6280,1,0,,500,375,0.00,0.00,,,
401,HL Hub,HU-8998,1,0,,500,375,0.00,0.00,,,
402,Keyed Washer,KW-4091,0,0,,1000,750,0.00,0.00,,,
403,External Lock Washer 3,LE-1000,0,0,,1000,750,0.00,0.00,,,
404,External Lock Washer 4,LE-1200,0,0,,1000,750,0.00,0.00,,,
405,External Lock Washer 9,LE-1201,0,0,,1000,750,0.00,0.00,,,
406,External Lock Washer 5,LE-1400,0,0,,1000,750,0.00,0.00,,,
407,External Lock Washer 7,LE-3800,0,0,,1000,750,0.00,0.00,,,
408,External Lock Washer 6,LE-5160,0,0,,1000,750,0.00,0.00,,,
409,External Lock Washer 1,LE-6000,0,0,,1000,750,0.00,0.00,,,
410,External Lock Washer 8,LE-7160,0,0,,1000,750,0.00,0.00,,,
411,External Lock Washer 2,LE-8000,0,0,,1000,750,0.00,0.00,,,
412,Internal Lock Washer 3,LI-1000,0,0,,1000,750,0.00,0.00,,,
413,Internal Lock Washer 4,LI-1200,0,0,,1000,750,0.00,0.00,,,
414,Internal Lock Washer 9,LI-1201,0,0,,1000,750,0.00,0.00,,,
415,Internal Lock Washer 5,LI-1400,0,0,,1000,750,0.00,0.00,,,
416,Internal Lock Washer 7,LI-3800,0,0,,1000,750,0.00,0.00,,,
417,Internal Lock Washer 6,LI-5160,0,0,,1000,750,0.00,0.00,,,
418,Internal Lock Washer 10,LI-5800,0,0,,1000,750,0.00,0.00,,,
419,Internal Lock Washer 1,LI-6000,0,0,,1000,750,0.00,0.00,,,
420,Internal Lock Washer 8,LI-7160,0,0,,1000,750,0.00,0.00,,,
421,Internal Lock Washer 2,LI-8000,0,0,,1000,750,0.00,0.00,,,
422,Thin-Jam Lock Nut 9,LJ-1213,0,0,,1000,750,0.00,0.00,,,
423,Thin-Jam Lock Nut 10,LJ-1220,0,0,,1000,750,0.00,0.00,,,
424,Thin-Jam Lock Nut 1,LJ-1420,0,0,,1000,750,0.00,0.00,,,
425,Thin-Jam Lock Nut 2,LJ-1428,0,0,,1000,750,0.00,0.00,,,
426,Thin-Jam Lock Nut 15,LJ-3410,0,0,,1000,750,0.00,0.00,,,
427,Thin-Jam Lock Nut 16,LJ-3416,0,0,,1000,750,0.00,0.00,,,
428,Thin-Jam Lock Nut 5,LJ-3816,0,0,,1000,750,0.00,0.00,,,
429,Thin-Jam Lock Nut 6,LJ-3824,0,0,,1000,750,0.00,0.00,,,
430,Thin-Jam Lock Nut 3,LJ-5161,0,0,,1000,750,0.00,0.00,,,
431,Thin-Jam Lock Nut 4,LJ-5162,0,0,,1000,750,0.00,0.00,,,
432,Thin-Jam Lock Nut 13,LJ-5811,0,0,,1000,750,0.00,0.00,,,
433,Thin-Jam Lock Nut 14,LJ-5818,0,0,,1000,750,0.00,0.00,,,
434,Thin-Jam Lock Nut 7,LJ-7161,0,0,,1000,750,0.00,0.00,,,
435,Thin-Jam Lock Nut 8,LJ-7162,0,0,,1000,750,0.00,0.00,,,
436,Thin-Jam Lock Nut 12,LJ-9080,0,0,,1000,750,0.00,0.00,,,
437,Thin-Jam Lock Nut 11,LJ-9161,0,0,,1000,750,0.00,0.00,,,
438,Lock Nut 5,LN-1024,0,0,,1000,750,0.00,0.00,,,
439,Lock Nut 6,LN-1032,0,0,,1000,750,0.00,0.00,,,
440,Lock Nut 16,LN-1213,0,0,,1000,750,0.00,0.00,,,
441,Lock Nut 17,LN-1220,0,0,,1000,750,0.00,0.00,,,
442,Lock Nut 7,LN-1224,0,0,,1000,750,0.00,0.00,,,
443,Lock Nut 8,LN-1420,0,0,,1000,750,0.00,0.00,,,
444,Lock Nut 9,LN-1428,0,0,,1000,750,0.00,0.00,,,
445,Lock Nut 22,LN-3410,0,0,,1000,750,0.00,0.00,,,
446,Lock Nut 23,LN-3416,0,0,,1000,750,0.00,0.00,,,
447,Lock Nut 12,LN-3816,0,0,,1000,750,0.00,0.00,,,
448,Lock Nut 13,LN-3824,0,0,,1000,750,0.00,0.00,,,
449,Lock Nut 1,LN-4400,0,0,,1000,750,0.00,0.00,,,
450,Lock Nut 10,LN-5161,0,0,,1000,750,0.00,0.00,,,
451,Lock Nut 11,LN-5162,0,0,,1000,750,0.00,0.00,,,
452,Lock Nut 2,LN-5400,0,0,,1000,750,0.00,0.00,,,
453,Lock Nut 20,LN-5811,0,0,,1000,750,0.00,0.00,,,
454,Lock Nut 21,LN-5818,0,0,,1000,750,0.00,0.00,,,
455,Lock Nut 3,LN-6320,0,0,,1000,750,0.00,0.00,,,
456,Lock Nut 14,LN-7161,0,0,,1000,750,0.00,0.00,,,
457,Lock Nut 15,LN-7162,0,0,,1000,750,0.00,0.00,,,
458,Lock Nut 4,LN-8320,0,0,,1000,750,0.00,0.00,,,
459,Lock Nut 19,LN-9080,0,0,,1000,750,0.00,0.00,,,
460,Lock Nut 18,LN-9161,0,0,,1000,750,0.00,0.00,,,
461,Lock Ring,LR-2398,0,0,Silver,1000,750,0.00,0.00,,,
462,Lower Head Race,LR-8520,0,0,,1000,750,0.00,0.00,,,
463,Lock Washer 4,LW-1000,0,0,,1000,750,0.00,0.00,,,
464,Lock Washer 5,LW-1200,0,0,,1000,750,0.00,0.00,,,
465,Lock Washer 10,LW-1201,0,0,,1000,750,0.00,0.00,,,
466,Lock Washer 6,LW-1400,0,0,,1000,750,0.00,0.00,,,
467,Lock Washer 13,LW-3400,0,0,,1000,750,0.00,0.00,,,
468,Lock Washer 8,LW-3800,0,0,,1000,750,0.00,0.00,,,
469,Lock Washer 1,LW-4000,0,0,,1000,750,0.00,0.00,,,
470,Lock Washer 7,LW-5160,0,0,,1000,750,0.00,0.00,,,
471,Lock Washer 12,LW-5800,0,0,,1000,750,0.00,0.00,,,
472,Lock Washer 2,LW-6000,0,0,,1000,750,0.00,0.00,,,
473,Lock Washer 9,LW-7160,0,0,,1000,750,0.00,0.00,,,
474,Lock Washer 3,LW-8000,0,0,,1000,750,0.00,0.00,,,
475,Lock Washer 11,LW-9160,0,0,,1000,750,0.00,0.00,,,
476,Metal Angle,MA-7075,0,0,,1000,750,0.00,0.00,,,
477,Metal Bar 1,MB-2024,0,0,,1000,750,0.00,0.00,,,
478,Metal Bar 2,MB-6061,0,0,,1000,750,0.00,0.00,,,
479,Metal Plate 2,MP-2066,0,0,,1000,750,0.00,0.00,,,
480,Metal Plate 1,MP-2503,0,0,,1000,750,0.00,0.00,,,
481,Metal Plate 3,MP-4960,0,0,,1000,750,0.00,0.00,,,
482,Metal Sheet 2,MS-0253,0,0,,1000,750,0.00,0.00,,,
483,Metal Sheet 3,MS-1256,0,0,,1000,750,0.00,0.00,,,
484,Metal Sheet 7,MS-1981,0,0,,1000,750,0.00,0.00,,,
485,Metal Sheet 4,MS-2259,0,0,,1000,750,0.00,0.00,,,
486,Metal Sheet 5,MS-2341,0,0,,1000,750,0.00,0.00,,,
487,Metal Sheet 6,MS-2348,0,0,,1000,750,0.00,0.00,,,
488,Metal Sheet 1,MS-6061,0,0,,1000,750,0.00,0.00,,,
489,Metal Tread Plate,MT-1000,0,0,,1000,750,0.00,0.00,,,
490,LL Nipple,NI-4127,0,0,,1000,750,0.00,0.00,,,
491,HL Nipple,NI-9522,0,0,,1000,750,0.00,0.00,,,
492,Paint - Black,PA-187B,0,0,,60,45,0.00,0.00,,,
493,Paint - Red,PA-361R,0,0,,60,45,0.00,0.00,,,
494,Paint - Silver,PA-529S,0,0,,60,45,0.00,0.00,,,
495,Paint - Blue,PA-632U,0,0,,60,45,0.00,0.00,,,
496,Paint - Yellow,PA-823Y,0,0,,60,45,0.00,0.00,,,
497,Pinch Bolt,PB-6109,0,0,,1000,750,0.00,0.00,,,
504,Cup-Shaped Race,RA-2345,0,0,,1000,750,0.00,0.00,,,
505,Cone-Shaped Race,RA-7490,0,0,,1000,750,0.00,0.00,,,
506,Reflector,RF-9198,0,0,,1000,750,0.00,0.00,,,
507,LL Mountain Rim,RM-M464,0,0,,800,600,0.00,0.00,,,
508,ML Mountain Rim,RM-M692,0,0,,800,600,0.00,0.00,,,
509,HL Mountain Rim,RM-M823,0,0,,800,600,0.00,0.00,,,
510,LL Road Rim,RM-R436,0,0,,800,600,0.00,0.00,,,
511,ML Road Rim,RM-R600,0,0,,800,600,0.00,0.00,,,
512,HL Road Rim,RM-R800,0,0,,800,600,0.00,0.00,,,
513,Touring Rim,RM-T801,0,0,,800,600,0.00,0.00,,,
514,LL Mountain Seat Assembly,SA-M198,1,0,,500,375,98.77,133.34,,,
515,ML Mountain Seat Assembly,SA-M237,1,0,,500,375,108.99,147.14,,,
516,HL Mountain Seat Assembly,SA-M687,1,0,,500,375,145.87,196.92,,,
517,LL Road Seat Assembly,SA-R127,1,0,,500,375,98.77,133.34,,,
518,ML Road Seat Assembly,SA-R430,1,0,,500,375,108.99,147.14,,,
519,HL Road Seat Assembly,SA-R522,1,0,,500,375,145.87,196.92,,,
520,LL Touring Seat Assembly,SA-T467,1,0,,500,375,98.77,133.34,,,
521,ML Touring Seat Assembly,SA-T612,1,0,,500,375,108.99,147.14,,,
522,HL Touring Seat Assembly,SA-T872,1,0,,500,375,145.87,196.92,,,
523,LL Spindle/Axle,SD-2342,0,0,,500,375,0.00,0.00,,,
524,HL Spindle/Axle,SD-9872,0,0,,500,375,0.00,0.00,,,
525,LL Shell,SH-4562,0,0,,800,600,0.00,0.00,,,
526,HL Shell,SH-9312,0,0,,800,600,0.00,0.00,,,
527,Spokes,SK-9283,0,0,,1000,750,0.00,0.00,,,
528,Seat Lug,SL-0931,0,0,,1000,750,0.00,0.00,,,
529,Stem,SM-9087,1,0,,500,375,0.00,0.00,,,
530,Seat Post,SP-2981,0,0,,500,375,0.00,0.00,,,
531,Steerer,SR-2098,1,0,,500,375,0.00,0.00,,,
532,Seat Stays,SS-2985,1,0,,800,600,0.00,0.00,,,
533,Seat Tube,ST-9828,1,0,,500,375,0.00,0.00,,,
534,Top Tube,TO-2301,1,0,,500,375,0.00,0.00,,,
535,Tension Pulley,TP-0923,0,0,,800,600,0.00,0.00,,,
679,Rear Derailleur Cage,RC-0291,0,0,Silver,500,375,0.00,0.00,,,
680,"HL Road Frame - Black, 58",FR-R92B-58,1,1,Black,500,375,1059.31,1431.50,58,Road Frames,Components
706,"HL Road Frame - Red, 58",FR-R92R-58,1,1,Red,500,375,1059.31,1431.50,58,Road Frames,Components
707,"Sport-100 Helmet, Red",HL-U509-R,0,1,Red,4,3,13.0863,34.99,,Helmets,Accessories
708,"Sport-100 Helmet, Black",HL-U509,0,1,Black,4,3,13.0863,34.99,,Helmets,Accessories
709,"Mountain Bike Socks, M",SO-B909-M,0,1,White,4,3,3.3963,9.50,M,Socks,Clothing
710,"Mountain Bike Socks, L",SO-B909-L,0,1,White,4,3,3.3963,9.50,L,Socks,Clothing
711,"Sport-100 Helmet, Blue",HL-U509-B,0,1,Blue,4,3,13.0863,34.99,,Helmets,Accessories
712,AWC Logo Cap,CA-1098,0,1,Multi,4,3,6.9223,8.99,,Caps,Clothing
713,"Long-Sleeve Logo Jersey, S",LJ-0192-S,0,1,Multi,4,3,38.4923,49.99,S,Jerseys,Clothing
714,"Long-Sleeve Logo Jersey, M",LJ-0192-M,0,1,Multi,4,3,38.4923,49.99,M,Jerseys,Clothing
715,"Long-Sleeve Logo Jersey, L",LJ-0192-L,0,1,Multi,4,3,38.4923,49.99,L,Jerseys,Clothing
716,"Long-Sleeve Logo Jersey, XL",LJ-0192-X,0,1,Multi,4,3,38.4923,49.99,XL,Jerseys,Clothing
717,"HL Road Frame - Red, 62",FR-R92R-62,1,1,Red,500,375,868.6342,1431.50,62,Road Frames,Components
718,"HL Road Frame - Red, 44",FR-R92R-44,1,1,Red,500,375,868.6342,1431.50,44,Road Frames,Components
719,"HL Road Frame - Red, 48",FR-R92R-48,1,1,Red,500,375,868.6342,1431.50,48,Road Frames,Components
720,"HL Road Frame - Red, 52",FR-R92R-52,1,1,Red,500,375,868.6342,1431.50,52,Road Frames,Components
721,"HL Road Frame - Red, 56",FR-R92R-56,1,1,Red,500,375,868.6342,1431.50,56,Road Frames,Components
722,"LL Road Frame - Black, 58",FR-R38B-58,1,1,Black,500,375,204.6251,337.22,58,Road Frames,Components
723,"LL Road Frame - Black, 60",FR-R38B-60,1,1,Black,500,375,204.6251,337.22,60,Road Frames,Components
724,"LL Road Frame - Black, 62",FR-R38B-62,1,1,Black,500,375,204.6251,337.22,62,Road Frames,Components
725,"LL Road Frame - Red, 44",FR-R38R-44,1,1,Red,500,375,187.1571,337.22,44,Road Frames,Components
726,"LL Road Frame - Red, 48",FR-R38R-48,1,1,Red,500,375,187.1571,337.22,48,Road Frames,Components
727,"LL Road Frame - Red, 52",FR-R38R-52,1,1,Red,500,375,187.1571,337.22,52,Road Frames,Components
728,"LL Road Frame - Red, 58",FR-R38R-58,1,1,Red,500,375,187.1571,337.22,58,Road Frames,Components
729,"LL Road Frame - Red, 60",FR-R38R-60,1,1,Red,500,375,187.1571,337.22,60,Road Frames,Components
730,"LL Road Frame - Red, 62",FR-R38R-62,1,1,Red,500,375,187.1571,337.22,62,Road Frames,Components
731,"ML Road Frame - Red, 44",FR-R72R-44,1,1,Red,500,375,352.1394,594.83,44,Road Frames,Components
732,"ML Road Frame - Red, 48",FR-R72R-48,1,1,Red,500,375,352.1394,594.83,48,Road Frames,Components
733,"ML Road Frame - Red, 52",FR-R72R-52,1,1,Red,500,375,352.1394,594.83,52,Road Frames,Components
734,"ML Road Frame - Red, 58",FR-R72R-58,1,1,Red,500,375,352.1394,594.83,58,Road Frames,Components
735,"ML Road Frame - Red, 60",FR-R72R-60,1,1,Red,500,375,352.1394,594.83,60,Road Frames,Components
736,"LL Road Frame - Black, 44",FR-R38B-44,1,1,Black,500,375,204.6251,337.22,44,Road Frames,Components
737,"LL Road Frame - Black, 48",FR-R38B-48,1,1,Black,500,375,204.6251,337.22,48,Road Frames,Components
738,"LL Road Frame - Black, 52",FR-R38B-52,1,1,Black,500,375,204.6251,337.22,52,Road Frames,Components
739,"HL Mountain Frame - Silver, 42",FR-M94S-42,1,1,Silver,500,375,747.2002,1364.50,42,Mountain Frames,Components
740,"HL Mountain Frame - Silver, 44",FR-M94S-44,1,1,Silver,500,375,706.811,1364.50,44,Mountain Frames,Components
741,"HL Mountain Frame - Silver, 48",FR-M94S-52,1,1,Silver,500,375,706.811,1364.50,48,Mountain Frames,Components
742,"HL Mountain Frame - Silver, 46",FR-M94S-46,1,1,Silver,500,375,747.2002,1364.50,46,Mountain Frames,Components
743,"HL Mountain Frame - Black, 42",FR-M94B-42,1,1,Black,500,375,739.041,1349.60,42,Mountain Frames,Components
744,"HL Mountain Frame - Black, 44",FR-M94B-44,1,1,Black,500,375,699.0928,1349.60,44,Mountain Frames,Components
745,"HL Mountain Frame - Black, 48",FR-M94B-48,1,1,Black,500,375,699.0928,1349.60,48,Mountain Frames,Components
746,"HL Mountain Frame - Black, 46",FR-M94B-46,1,1,Black,500,375,739.041,1349.60,46,Mountain Frames,Components
747,"HL Mountain Frame - Black, 38",FR-M94B-38,1,1,Black,500,375,739.041,1349.60,38,Mountain Frames,Components
748,"HL Mountain Frame - Silver, 38",FR-M94S-38,1,1,Silver,500,375,747.2002,1364.50,38,Mountain Frames,Components
749,"Road-150 Red, 62",BK-R93R-62,1,1,Red,100,75,2171.2942,3578.27,62,Road Bikes,Bikes
750,"Road-150 Red, 44",BK-R93R-44,1,1,Red,100,75,2171.2942,3578.27,44,Road Bikes,Bikes
751,"Road-150 Red, 48",BK-R93R-48,1,1,Red,100,75,2171.2942,3578.27,48,Road Bikes,Bikes
752,"Road-150 Red, 52",BK-R93R-52,1,1,Red,100,75,2171.2942,3578.27,52,Road Bikes,Bikes
753,"Road-150 Red, 56",BK-R93R-56,1,1,Red,100,75,2171.2942,3578.27,56,Road Bikes,Bikes
754,"Road-450 Red, 58",BK-R68R-58,1,1,Red,100,75,884.7083,1457.99,58,Road Bikes,Bikes
755,"Road-450 Red, 60",BK-R68R-60,1,1,Red,100,75,884.7083,1457.99,60,Road Bikes,Bikes
756,"Road-450 Red, 44",BK-R68R-44,1,1,Red,100,75,884.7083,1457.99,44,Road Bikes,Bikes
757,"Road-450 Red, 48",BK-R68R-48,1,1,Red,100,75,884.7083,1457.99,48,Road Bikes,Bikes
758,"Road-450 Red, 52",BK-R68R-52,1,1,Red,100,75,884.7083,1457.99,52,Road Bikes,Bikes
759,"Road-650 Red, 58",BK-R50R-58,1,1,Red,100,75,486.7066,782.99,58,Road Bikes,Bikes
760,"Road-650 Red, 60",BK-R50R-60,1,1,Red,100,75,486.7066,782.99,60,Road Bikes,Bikes
761,"Road-650 Red, 62",BK-R50R-62,1,1,Red,100,75,486.7066,782.99,62,Road Bikes,Bikes
762,"Road-650 Red, 44",BK-R50R-44,1,1,Red,100,75,486.7066,782.99,44,Road Bikes,Bikes
763,"Road-650 Red, 48",BK-R50R-48,1,1,Red,100,75,486.7066,782.99,48,Road Bikes,Bikes
764,"Road-650 Red, 52",BK-R50R-52,1,1,Red,100,75,486.7066,782.99,52,Road Bikes,Bikes
765,"Road-650 Black, 58",BK-R50B-58,1,1,Black,100,75,486.7066,782.99,58,Road Bikes,Bikes
766,"Road-650 Black, 60",BK-R50B-60,1,1,Black,100,75,486.7066,782.99,60,Road Bikes,Bikes
767,"Road-650 Black, 62",BK-R50B-62,1,1,Black,100,75,486.7066,782.99,62,Road Bikes,Bikes
768,"Road-650 Black, 44",BK-R50B-44,1,1,Black,100,75,486.7066,782.99,44,Road Bikes,Bikes
769,"Road-650 Black, 48",BK-R50B-48,1,1,Black,100,75,486.7066,782.99,48,Road Bikes,Bikes
770,"Road-650 Black, 52",BK-R50B-52,1,1,Black,100,75,486.7066,782.99,52,Road Bikes,Bikes
771,"Mountain-100 Silver, 38",BK-M82S-38,1,1,Silver,100,75,1912.1544,3399.99,38,Mountain Bikes,Bikes
772,"Mountain-100 Silver, 42",BK-M82S-42,1,1,Silver,100,75,1912.1544,3399.99,42,Mountain Bikes,Bikes
773,"Mountain-100 Silver, 44",BK-M82S-44,1,1,Silver,100,75,1912.1544,3399.99,44,Mountain Bikes,Bikes
774,"Mountain-100 Silver, 48",BK-M82S-48,1,1,Silver,100,75,1912.1544,3399.99,48,Mountain Bikes,Bikes
775,"Mountain-100 Black, 38",BK-M82B-38,1,1,Black,100,75,1898.0944,3374.99,38,Mountain Bikes,Bikes
776,"Mountain-100 Black, 42",BK-M82B-42,1,1,Black,100,75,1898.0944,3374.99,42,Mountain Bikes,Bikes
777,"Mountain-100 Black, 44",BK-M82B-44,1,1,Black,100,75,1898.0944,3374.99,44,Mountain Bikes,Bikes
778,"Mountain-100 Black, 48",BK-M82B-48,1,1,Black,100,75,1898.0944,3374.99,48,Mountain Bikes,Bikes
779,"Mountain-200 Silver, 38",BK-M68S-38,1,1,Silver,100,75,1265.6195,2319.99,38,Mountain Bikes,Bikes
780,"Mountain-200 Silver, 42",BK-M68S-42,1,1,Silver,100,75,1265.6195,2319.99,42,Mountain Bikes,Bikes
781,"Mountain-200 Silver, 46",BK-M68S-46,1,1,Silver,100,75,1265.6195,2319.99,46,Mountain Bikes,Bikes
782,"Mountain-200 Black, 38",BK-M68B-38,1,1,Black,100,75,1251.9813,2294.99,38,Mountain Bikes,Bikes
783,"Mountain-200 Black, 42",BK-M68B-42,1,1,Black,100,75,1251.9813,2294.99,42,Mountain Bikes,Bikes
784,"Mountain-200 Black, 46",BK-M68B-46,1,1,Black,100,75,1251.9813,2294.99,46,Mountain Bikes,Bikes
785,"Mountain-300 Black, 38",BK-M47B-38,1,1,Black,100,75,598.4354,1079.99,38,Mountain Bikes,Bikes
786,"Mountain-300 Black, 40",BK-M47B-40,1,1,Black,100,75,598.4354,1079.99,40,Mountain Bikes,Bikes
787,"Mountain-300 Black, 44",BK-M47B-44,1,1,Black,100,75,598.4354,1079.99,44,Mountain Bikes,Bikes
788,"Mountain-300 Black, 48",BK-M47B-48,1,1,Black,100,75,598.4354,1079.99,48,Mountain Bikes,Bikes
789,"Road-250 Red, 44",BK-R89R-44,1,1,Red,100,75,1518.7864,2443.35,44,Road Bikes,Bikes
790,"Road-250 Red, 48",BK-R89R-48,1,1,Red,100,75,1518.7864,2443.35,48,Road Bikes,Bikes
791,"Road-250 Red, 52",BK-R89R-52,1,1,Red,100,75,1518.7864,2443.35,52,Road Bikes,Bikes
792,"Road-250 Red, 58",BK-R89R-58,1,1,Red,100,75,1554.9479,2443.35,58,Road Bikes,Bikes
793,"Road-250 Black, 44",BK-R89B-44,1,1,Black,100,75,1554.9479,2443.35,44,Road Bikes,Bikes
794,"Road-250 Black, 48",BK-R89B-48,1,1,Black,100,75,1554.9479,2443.35,48,Road Bikes,Bikes
795,"Road-250 Black, 52",BK-R89B-52,1,1,Black,100,75,1554.9479,2443.35,52,Road Bikes,Bikes
796,"Road-250 Black, 58",BK-R89B-58,1,1,Black,100,75,1554.9479,2443.35,58,Road Bikes,Bikes
797,"Road-550-W Yellow, 38",BK-R64Y-38,1,1,Yellow,100,75,713.0798,1120.49,38,Road Bikes,Bikes
798,"Road-550-W Yellow, 40",BK-R64Y-40,1,1,Yellow,100,75,713.0798,1120.49,40,Road Bikes,Bikes
799,"Road-550-W Yellow, 42",BK-R64Y-42,1,1,Yellow,100,75,713.0798,1120.49,42,Road Bikes,Bikes
800,"Road-550-W Yellow, 44",BK-R64Y-44,1,1,Yellow,100,75,713.0798,1120.49,44,Road Bikes,Bikes
801,"Road-550-W Yellow, 48",BK-R64Y-48,1,1,Yellow,100,75,713.0798,1120.49,48,Road Bikes,Bikes
802,LL Fork,FK-1639,1,1,,500,375,65.8097,148.22,,Forks,Components
803,ML Fork,FK-5136,1,1,,500,375,77.9176,175.49,,Forks,Components
804,HL Fork,FK-9939,1,1,,500,375,101.8936,229.49,,Forks,Components
805,LL Headset,HS-0296,1,1,,500,375,15.1848,34.20,,Headsets,Components
806,ML Headset,HS-2451,1,1,,500,375,45.4168,102.29,,Headsets,Components
807,HL Headset,HS-3479,1,1,,500,375,55.3801,124.73,,Headsets,Components
808,LL Mountain Handlebars,HB-M243,1,1,,500,375,19.7758,44.54,,Handlebars,Components
809,ML Mountain Handlebars,HB-M763,1,1,,500,375,27.4925,61.92,,Handlebars,Components
810,HL Mountain Handlebars,HB-M918,1,1,,500,375,53.3999,120.27,,Handlebars,Components
811,LL Road Handlebars,HB-R504,1,1,,500,375,19.7758,44.54,,Handlebars,Components
812,ML Road Handlebars,HB-R720,1,1,,500,375,27.4925,61.92,,Handlebars,Components
813,HL Road Handlebars,HB-R956,1,1,,500,375,53.3999,120.27,,Handlebars,Components
814,"ML Mountain Frame - Black, 38",FR-M63B-38,1,1,Black,500,375,185.8193,348.76,38,Mountain Frames,Components
815,LL Mountain Front Wheel,FW-M423,1,1,Black,500,375,26.9708,60.745,,Wheels,Components
816,ML Mountain Front Wheel,FW-M762,1,1,Black,500,375,92.8071,209.025,,Wheels,Components
817,HL Mountain Front Wheel,FW-M928,1,1,Black,500,375,133.2955,300.215,,Wheels,Components
818,LL Road Front Wheel,FW-R623,1,1,Black,500,375,37.9909,85.565,,Wheels,Components
819,ML Road Front Wheel,FW-R762,1,1,Black,500,375,110.2829,248.385,,Wheels,Components
820,HL Road Front Wheel,FW-R820,1,1,Black,500,375,146.5466,330.06,,Wheels,Components
821,Touring Front Wheel,FW-T905,1,1,Black,500,375,96.7964,218.01,,Wheels,Components
822,"ML Road Frame-W - Yellow, 38",FR-R72Y-38,1,1,Yellow,500,375,360.9428,594.83,38,Road Frames,Components
823,LL Mountain Rear Wheel,RW-M423,1,1,Black,500,375,38.9588,87.745,,Wheels,Components
824,ML Mountain Rear Wheel,RW-M762,1,1,Black,500,375,104.7951,236.025,,Wheels,Components
825,HL Mountain Rear Wheel,RW-M928,1,1,Black,500,375,145.2835,327.215,,Wheels,Components
826,LL Road Rear Wheel,RW-R623,1,1,Black,500,375,49.9789,112.565,,Wheels,Components
827,ML Road Rear Wheel,RW-R762,1,1,Black,500,375,122.2709,275.385,,Wheels,Components
828,HL Road Rear Wheel,RW-R820,1,1,Black,500,375,158.5346,357.06,,Wheels,Components
829,Touring Rear Wheel,RW-T905,1,1,Black,500,375,108.7844,245.01,,Wheels,Components
830,"ML Mountain Frame - Black, 40",FR-M63B-40,1,1,Black,500,375,185.8193,348.76,40,Mountain Frames,Components
831,"ML Mountain Frame - Black, 44",FR-M63B-44,1,1,Black,500,375,185.8193,348.76,44,Mountain Frames,Components
832,"ML Mountain Frame - Black, 48",FR-M63B-48,1,1,Black,500,375,185.8193,348.76,48,Mountain Frames,Components
833,"ML Road Frame-W - Yellow, 40",FR-R72Y-40,1,1,Yellow,500,375,360.9428,594.83,40,Road Frames,Components
834,"ML Road Frame-W - Yellow, 42",FR-R72Y-42,1,1,Yellow,500,375,360.9428,594.83,42,Road Frames,Components
835,"ML Road Frame-W - Yellow, 44",FR-R72Y-44,1,1,Yellow,500,375,360.9428,594.83,44,Road Frames,Components
836,"ML Road Frame-W - Yellow, 48",FR-R72Y-48,1,1,Yellow,500,375,360.9428,594.83,48,Road Frames,Components
837,"HL Road Frame - Black, 62",FR-R92B-62,1,1,Black,500,375,868.6342,1431.50,62,Road Frames,Components
838,"HL Road Frame - Black, 44",FR-R92B-44,1,1,Black,500,375,868.6342,1431.50,44,Road Frames,Components
839,"HL Road Frame - Black, 48",FR-R92B-48,1,1,Black,500,375,868.6342,1431.50,48,Road Frames,Components
840,"HL Road Frame - Black, 52",FR-R92B-52,1,1,Black,500,375,868.6342,1431.50,52,Road Frames,Components
841,"Men's Sports Shorts, S",SH-M897-S,0,1,Black,4,3,24.7459,59.99,S,Shorts,Clothing
842,"Touring-Panniers, Large",PA-T100,0,1,Grey,4,3,51.5625,125.00,,Panniers,Accessories
843,Cable Lock,LO-C100,0,1,,4,3,10.3125,25.00,,Locks,Accessories
844,Minipump,PU-0452,0,1,,4,3,8.2459,19.99,,Pumps,Accessories
845,Mountain Pump,PU-M044,0,1,,4,3,10.3084,24.99,,Pumps,Accessories
846,Taillights - Battery-Powered,LT-T990,0,1,,4,3,5.7709,13.99,,Lights,Accessories
847,Headlights - Dual-Beam,LT-H902,0,1,,4,3,14.4334,34.99,,Lights,Accessories
848,Headlights - Weatherproof,LT-H903,0,1,,4,3,18.5584,44.99,,Lights,Accessories
849,"Men's Sports Shorts, M",SH-M897-M,0,1,Black,4,3,24.7459,59.99,M,Shorts,Clothing
850,"Men's Sports Shorts, L",SH-M897-L,0,1,Black,4,3,24.7459,59.99,L,Shorts,Clothing
851,"Men's Sports Shorts, XL",SH-M897-X,0,1,Black,4,3,24.7459,59.99,XL,Shorts,Clothing
852,"Women's Tights, S",TG-W091-S,0,1,Black,4,3,30.9334,74.99,S,Tights,Clothing
853,"Women's Tights, M",TG-W091-M,0,1,Black,4,3,30.9334,74.99,M,Tights,Clothing
854,"Women's Tights, L",TG-W091-L,0,1,Black,4,3,30.9334,74.99,L,Tights,Clothing
855,"Men's Bib-Shorts, S",SB-M891-S,0,1,Multi,4,3,37.1209,89.99,S,Bib-Shorts,Clothing
856,"Men's Bib-Shorts, M",SB-M891-M,0,1,Multi,4,3,37.1209,89.99,M,Bib-Shorts,Clothing
857,"Men's Bib-Shorts, L",SB-M891-L,0,1,Multi,4,3,37.1209,89.99,L,Bib-Shorts,Clothing
858,"Half-Finger Gloves, S",GL-H102-S,0,1,Black,4,3,9.1593,24.49,S,Gloves,Clothing
859,"Half-Finger Gloves, M",GL-H102-M,0,1,Black,4,3,9.1593,24.49,M,Gloves,Clothing
860,"Half-Finger Gloves, L",GL-H102-L,0,1,Black,4,3,9.1593,24.49,L,Gloves,Clothing
861,"Full-Finger Gloves, S",GL-F110-S,0,1,Black,4,3,15.6709,37.99,S,Gloves,Clothing
862,"Full-Finger Gloves, M",GL-F110-M,0,1,Black,4,3,15.6709,37.99,M,Gloves,Clothing
863,"Full-Finger Gloves, L",GL-F110-L,0,1,Black,4,3,15.6709,37.99,L,Gloves,Clothing
864,"Classic Vest, S",VE-C304-S,0,1,Blue,4,3,23.749,63.50,S,Vests,Clothing
865,"Classic Vest, M",VE-C304-M,0,1,Blue,4,3,23.749,63.50,M,Vests,Clothing
866,"Classic Vest, L",VE-C304-L,0,1,Blue,4,3,23.749,63.50,L,Vests,Clothing
867,"Women's Mountain Shorts, S",SH-W890-S,0,1,Black,4,3,26.1763,69.99,S,Shorts,Clothing
868,"Women's Mountain Shorts, M",SH-W890-M,0,1,Black,4,3,26.1763,69.99,M,Shorts,Clothing
869,"Women's Mountain Shorts, L",SH-W890-L,0,1,Black,4,3,26.1763,69.99,L,Shorts,Clothing
870,Water Bottle - 30 oz.,WB-H098,0,1,,4,3,1.8663,4.99,,Bottles and Cages,Accessories
871,Mountain Bottle Cage,BC-M005,0,1,,4,3,3.7363,9.99,,Bottles and Cages,Accessories
872,Road Bottle Cage,BC-R205,0,1,,4,3,3.3623,8.99,,Bottles and Cages,Accessories
873,Patch Kit/8 Patches,PK-7098,0,1,,4,3,0.8565,2.29,,Tires and Tubes,Accessories
874,"Racing Socks, M",SO-R809-M,0,1,White,4,3,3.3623,8.99,M,Socks,Clothing
875,"Racing Socks, L",SO-R809-L,0,1,White,4,3,3.3623,8.99,L,Socks,Clothing
876,Hitch Rack - 4-Bike,RA-H123,0,1,,4,3,44.88,120.00,,Bike Racks,Accessories
877,Bike Wash - Dissolver,CL-9009,0,1,,4,3,2.9733,7.95,,Cleaners,Accessories
878,Fender Set - Mountain,FE-6654,0,1,,4,3,8.2205,21.98,,Fenders,Accessories
879,All-Purpose Bike Stand,ST-1401,0,1,,4,3,59.466,159.00,,Bike Stands,Accessories
880,Hydration Pack - 70 oz.,HY-1023-70,0,1,Silver,4,3,20.5663,54.99,70,Hydration Packs,Accessories
881,"Short-Sleeve Classic Jersey, S",SJ-0194-S,0,1,Yellow,4,3,41.5723,53.99,S,Jerseys,Clothing
882,"Short-Sleeve Classic Jersey, M",SJ-0194-M,0,1,Yellow,4,3,41.5723,53.99,M,Jerseys,Clothing
883,"Short-Sleeve Classic Jersey, L",SJ-0194-L,0,1,Yellow,4,3,41.5723,53.99,L,Jerseys,Clothing
884,"Short-Sleeve Classic Jersey, XL",SJ-0194-X,0,1,Yellow,4,3,41.5723,53.99,XL,Jerseys,Clothing
885,"HL Touring Frame - Yellow, 60",FR-T98Y-60,1,1,Yellow,500,375,601.7437,1003.91,60,Touring Frames,Components
886,"LL Touring Frame - Yellow, 62",FR-T67Y-62,1,1,Yellow,500,375,199.8519,333.42,62,Touring Frames,Components
887,"HL Touring Frame - Yellow, 46",FR-T98Y-46,1,1,Yellow,500,375,601.7437,1003.91,46,Touring Frames,Components
888,"HL Touring Frame - Yellow, 50",FR-T98Y-50,1,1,Yellow,500,375,601.7437,1003.91,50,Touring Frames,Components
889,"HL Touring Frame - Yellow, 54",FR-T98Y-54,1,1,Yellow,500,375,601.7437,1003.91,54,Touring Frames,Components
890,"HL Touring Frame - Blue, 46",FR-T98U-46,1,1,Blue,500,375,601.7437,1003.91,46,Touring Frames,Components
891,"HL Touring Frame - Blue, 50",FR-T98U-50,1,1,Blue,500,375,601.7437,1003.91,50,Touring Frames,Components
892,"HL Touring Frame - Blue, 54",FR-T98U-54,1,1,Blue,500,375,601.7437,1003.91,54,Touring Frames,Components
893,"HL Touring Frame - Blue, 60",FR-T98U-60,1,1,Blue,500,375,601.7437,1003.91,60,Touring Frames,Components
894,Rear Derailleur,RD-2308,1,1,Silver,500,375,53.9282,121.46,,Derailleurs,Components
895,"LL Touring Frame - Blue, 50",FR-T67U-50,1,1,Blue,500,375,199.8519,333.42,50,Touring Frames,Components
896,"LL Touring Frame - Blue, 54",FR-T67U-54,1,1,Blue,500,375,199.8519,333.42,54,Touring Frames,Components
897,"LL Touring Frame - Blue, 58",FR-T67U-58,1,1,Blue,500,375,199.8519,333.42,58,Touring Frames,Components
898,"LL Touring Frame - Blue, 62",FR-T67U-62,1,1,Blue,500,375,199.8519,333.42,62,Touring Frames,Components
899,"LL Touring Frame - Yellow, 44",FR-T67Y-44,1,1,Yellow,500,375,199.8519,333.42,44,Touring Frames,Components
900,"LL Touring Frame - Yellow, 50",FR-T67Y-50,1,1,Yellow,500,375,199.8519,333.42,50,Touring Frames,Components
901,"LL Touring Frame - Yellow, 54",FR-T67Y-54,1,1,Yellow,500,375,199.8519,333.42,54,Touring Frames,Components
902,"LL Touring Frame - Yellow, 58",FR-T67Y-58,1,1,Yellow,500,375,199.8519,333.42,58,Touring Frames,Components
903,"LL Touring Frame - Blue, 44",FR-T67U-44,1,1,Blue,500,375,199.8519,333.42,44,Touring Frames,Components
904,"ML Mountain Frame-W - Silver, 40",FR-M63S-40,1,1,Silver,500,375,199.3757,364.09,40,Mountain Frames,Components
905,"ML Mountain Frame-W - Silver, 42",FR-M63S-42,1,1,Silver,500,375,199.3757,364.09,42,Mountain Frames,Components
906,"ML Mountain Frame-W - Silver, 46",FR-M63S-46,1,1,Silver,500,375,199.3757,364.09,46,Mountain Frames,Components
907,Rear Brakes,RB-9231,0,1,Silver,500,375,47.286,106.50,,Brakes,Components
908,LL Mountain Seat/Saddle,SE-M236,0,1,,500,375,12.0413,27.12,,Saddles,Components
909,ML Mountain Seat/Saddle,SE-M798,0,1,,500,375,17.3782,39.14,,Saddles,Components
910,HL Mountain Seat/Saddle,SE-M940,0,1,,500,375,23.3722,52.64,,Saddles,Components
911,LL Road Seat/Saddle,SE-R581,0,1,,500,375,12.0413,27.12,,Saddles,Components
912,ML Road Seat/Saddle,SE-R908,0,1,,500,375,17.3782,39.14,,Saddles,Components
913,HL Road Seat/Saddle,SE-R995,0,1,,500,375,23.3722,52.64,,Saddles,Components
914,LL Touring Seat/Saddle,SE-T312,0,1,,500,375,12.0413,27.12,,Saddles,Components
915,ML Touring Seat/Saddle,SE-T762,0,1,,500,375,17.3782,39.14,,Saddles,Components
916,HL Touring Seat/Saddle,SE-T924,0,1,,500,375,23.3722,52.64,,Saddles,Components
917,"LL Mountain Frame - Silver, 42",FR-M21S-42,1,1,Silver,500,375,144.5938,264.05,42,Mountain Frames,Components
918,"LL Mountain Frame - Silver, 44",FR-M21S-44,1,1,Silver,500,375,144.5938,264.05,44,Mountain Frames,Components
919,"LL Mountain Frame - Silver, 48",FR-M21S-48,1,1,Silver,500,375,144.5938,264.05,48,Mountain Frames,Components
920,"LL Mountain Frame - Silver, 52",FR-M21S-52,1,1,Silver,500,375,144.5938,264.05,52,Mountain Frames,Components
921,Mountain Tire Tube,TT-M928,0,1,,500,375,1.8663,4.99,,Tires and Tubes,Accessories
922,Road Tire Tube,TT-R982,0,1,,500,375,1.4923,3.99,,Tires and Tubes,Accessories
923,Touring Tire Tube,TT-T092,0,1,,500,375,1.8663,4.99,,Tires and Tubes,Accessories
924,"LL Mountain Frame - Black, 42",FR-M21B-42,1,1,Black,500,375,136.785,249.79,42,Mountain Frames,Components
925,"LL Mountain Frame - Black, 44",FR-M21B-44,1,1,Black,500,375,136.785,249.79,44,Mountain Frames,Components
926,"LL Mountain Frame - Black, 48",FR-M21B-48,1,1,Black,500,375,136.785,249.79,48,Mountain Frames,Components
927,"LL Mountain Frame - Black, 52",FR-M21B-52,1,1,Black,500,375,136.785,249.79,52,Mountain Frames,Components
928,LL Mountain Tire,TI-M267,0,1,,500,375,9.3463,24.99,,Tires and Tubes,Accessories
929,ML Mountain Tire,TI-M602,0,1,,500,375,11.2163,29.99,,Tires and Tubes,Accessories
930,HL Mountain Tire,TI-M823,0,1,,500,375,13.09,35.00,,Tires and Tubes,Accessories
931,LL Road Tire,TI-R092,0,1,,500,375,8.0373,21.49,,Tires and Tubes,Accessories
932,ML Road Tire,TI-R628,0,1,,500,375,9.3463,24.99,,Tires and Tubes,Accessories
933,HL Road Tire,TI-R982,0,1,,500,375,12.1924,32.60,,Tires and Tubes,Accessories
934,Touring Tire,TI-T723,0,1,,500,375,10.8423,28.99,,Tires and Tubes,Accessories
935,LL Mountain Pedal,PD-M282,0,1,Silver/Black,500,375,17.9776,40.49,,Pedals,Components
936,ML Mountain Pedal,PD-M340,0,1,Silver/Black,500,375,27.568,62.09,,Pedals,Components
937,HL Mountain Pedal,PD-M562,0,1,Silver/Black,500,375,35.9596,80.99,,Pedals,Components
938,LL Road Pedal,PD-R347,0,1,Silver/Black,500,375,17.9776,40.49,,Pedals,Components
939,ML Road Pedal,PD-R563,0,1,Silver/Black,500,375,27.568,62.09,,Pedals,Components
940,HL Road Pedal,PD-R853,0,1,Silver/Black,500,375,35.9596,80.99,,Pedals,Components
941,Touring Pedal,PD-T852,0,1,Silver/Black,500,375,35.9596,80.99,,Pedals,Components
942,"ML Mountain Frame-W - Silver, 38",FR-M63S-38,1,1,Silver,500,375,199.3757,364.09,38,Mountain Frames,Components
943,"LL Mountain Frame - Black, 40",FR-M21B-40,1,1,Black,500,375,136.785,249.79,40,Mountain Frames,Components
944,"LL Mountain Frame - Silver, 40",FR-M21S-40,1,1,Silver,500,375,144.5938,264.05,40,Mountain Frames,Components
945,Front Derailleur,FD-2342,1,1,Silver,500,375,40.6216,91.49,,Derailleurs,Components
946,LL Touring Handlebars,HB-T721,1,1,,500,375,20.464,46.09,,Handlebars,Components
947,HL Touring Handlebars,HB-T928,1,1,,500,375,40.6571,91.57,,Handlebars,Components
948,Front Brakes,FB-9873,0,1,Silver,500,375,47.286,106.50,,Brakes,Components
949,LL Crankset,CS-4759,1,1,Black,500,375,77.9176,175.49,,Cranksets,Components
950,ML Crankset,CS-6583,1,1,Black,500,375,113.8816,256.49,,Cranksets,Components
951,HL Crankset,CS-9183,1,1,Black,500,375,179.8156,404.99,,Cranksets,Components
952,Chain,CH-0234,0,1,Silver,500,375,8.9866,20.24,,Chains,Components
953,"Touring-2000 Blue, 60",BK-T44U-60,1,1,Blue,100,75,755.1508,1214.85,60,Touring Bikes,Bikes
954,"Touring-1000 Yellow, 46",BK-T79Y-46,1,1,Yellow,100,75,1481.9379,2384.07,46,Touring Bikes,Bikes
955,"Touring-1000 Yellow, 50",BK-T79Y-50,1,1,Yellow,100,75,1481.9379,2384.07,50,Touring Bikes,Bikes
956,"Touring-1000 Yellow, 54",BK-T79Y-54,1,1,Yellow,100,75,1481.9379,2384.07,54,Touring Bikes,Bikes
957,"Touring-1000 Yellow, 60",BK-T79Y-60,1,1,Yellow,100,75,1481.9379,2384.07,60,Touring Bikes,Bikes
958,"Touring-3000 Blue, 54",BK-T18U-54,1,1,Blue,100,75,461.4448,742.35,54,Touring Bikes,Bikes
959,"Touring-3000 Blue, 58",BK-T18U-58,1,1,Blue,100,75,461.4448,742.35,58,Touring Bikes,Bikes
960,"Touring-3000 Blue, 62",BK-T18U-62,1,1,Blue,100,75,461.4448,742.35,62,Touring Bikes,Bikes
961,"Touring-3000 Yellow, 44",BK-T18Y-44,1,1,Yellow,100,75,461.4448,742.35,44,Touring Bikes,Bikes
962,"Touring-3000 Yellow, 50",BK-T18Y-50,1,1,Yellow,100,75,461.4448,742.35,50,Touring Bikes,Bikes
963,"Touring-3000 Yellow, 54",BK-T18Y-54,1,1,Yellow,100,75,461.4448,742.35,54,Touring Bikes,Bikes
964,"Touring-3000 Yellow, 58",BK-T18Y-58,1,1,Yellow,100,75,461.4448,742.35,58,Touring Bikes,Bikes
965,"Touring-3000 Yellow, 62",BK-T18Y-62,1,1,Yellow,100,75,461.4448,742.35,62,Touring Bikes,Bikes
966,"Touring-1000 Blue, 46",BK-T79U-46,1,1,Blue,100,75,1481.9379,2384.07,46,Touring Bikes,Bikes
967,"Touring-1000 Blue, 50",BK-T79U-50,1,1,Blue,100,75,1481.9379,2384.07,50,Touring Bikes,Bikes
968,"Touring-1000 Blue, 54",BK-T79U-54,1,1,Blue,100,75,1481.9379,2384.07,54,Touring Bikes,Bikes
969,"Touring-1000 Blue, 60",BK-T79U-60,1,1,Blue,100,75,1481.9379,2384.07,60,Touring Bikes,Bikes
970,"Touring-2000 Blue, 46",BK-T44U-46,1,1,Blue,100,75,755.1508,1214.85,46,Touring Bikes,Bikes
971,"Touring-2000 Blue, 50",BK-T44U-50,1,1,Blue,100,75,755.1508,1214.85,50,Touring Bikes,Bikes
972,"Touring-2000 Blue, 54",BK-T44U-54,1,1,Blue,100,75,755.1508,1214.85,54,Touring Bikes,Bikes
973,"Road-350-W Yellow, 40",BK-R79Y-40,1,1,Yellow,100,75,1082.51,1700.99,40,Road Bikes,Bikes
974,"Road-350-W Yellow, 42",BK-R79Y-42,1,1,Yellow,100,75,1082.51,1700.99,42,Road Bikes,Bikes
975,"Road-350-W Yellow, 44",BK-R79Y-44,1,1,Yellow,100,75,1082.51,1700.99,44,Road Bikes,Bikes
976,"Road-350-W Yellow, 48",BK-R79Y-48,1,1,Yellow,100,75,1082.51,1700.99,48,Road Bikes,Bikes
977,"Road-750 Black, 58",BK-R19B-58,1,1,Black,100,75,343.6496,539.99,58,Road Bikes,Bikes
978,"Touring-3000 Blue, 44",BK-T18U-44,1,1,Blue,100,75,461.4448,742.35,44,Touring Bikes,Bikes
979,"Touring-3000 Blue, 50",BK-T18U-50,1,1,Blue,100,75,461.4448,742.35,50,Touring Bikes,Bikes
980,"Mountain-400-W Silver, 38",BK-M38S-38,1,1,Silver,100,75,419.7784,769.49,38,Mountain Bikes,Bikes
981,"Mountain-400-W Silver, 40",BK-M38S-40,1,1,Silver,100,75,419.7784,769.49,40,Mountain Bikes,Bikes
982,"Mountain-400-W Silver, 42",BK-M38S-42,1,1,Silver,100,75,419.7784,769.49,42,Mountain Bikes,Bikes
983,"Mountain-400-W Silver, 46",BK-M38S-46,1,1,Silver,100,75,419.7784,769.49,46,Mountain Bikes,Bikes
984,"Mountain-500 Silver, 40",BK-M18S-40,1,1,Silver,100,75,308.2179,564.99,40,Mountain Bikes,Bikes
985,"Mountain-500 Silver, 42",BK-M18S-42,1,1,Silver,100,75,308.2179,564.99,42,Mountain Bikes,Bikes
986,"Mountain-500 Silver, 44",BK-M18S-44,1,1,Silver,100,75,308.2179,564.99,44,Mountain Bikes,Bikes
987,"Mountain-500 Silver, 48",BK-M18S-48,1,1,Silver,100,75,308.2179,564.99,48,Mountain Bikes,Bikes
988,"Mountain-500 Silver, 52",BK-M18S-52,1,1,Silver,100,75,308.2179,564.99,52,Mountain Bikes,Bikes
989,"Mountain-500 Black, 40",BK-M18B-40,1,1,Black,100,75,294.5797,539.99,40,Mountain Bikes,Bikes
990,"Mountain-500 Black, 42",BK-M18B-42,1,1,Black,100,75,294.5797,539.99,42,Mountain Bikes,Bikes
991,"Mountain-500 Black, 44",BK-M18B-44,1,1,Black,100,75,294.5797,539.99,44,Mountain Bikes,Bikes
992,"Mountain-500 Black, 48",BK-M18B-48,1,1,Black,100,75,294.5797,539.99,48,Mountain Bikes,Bikes
993,"Mountain-500 Black, 52",BK-M18B-52,1,1,Black,100,75,294.5797,539.99,52,Mountain Bikes,Bikes
994,LL Bottom Bracket,BB-7421,1,1,,500,375,23.9716,53.99,,Bottom Brackets,Components
995,ML Bottom Bracket,BB-8107,1,1,,500,375,44.9506,101.24,,Bottom Brackets,Components
996,HL Bottom Bracket,BB-9108,1,1,,500,375,53.9416,121.49,,Bottom Brackets,Components
997,"Road-750 Black, 44",BK-R19B-44,1,1,Black,100,75,343.6496,539.99,44,Road Bikes,Bikes
998,"Road-750 Black, 48",BK-R19B-48,1,1,Black,100,75,343.6496,539.99,48,Road Bikes,Bikes
999,"Road-750 Black, 52",BK-R19B-52,1,1,Black,100,75,343.6496,539.99,52,Road Bikes,Bikes
